,processed_variants,f_measure,fitness,precision,no_model_change
0,0.2,0.6226433877354498,0.8281684723600826,0.4988457360130364,
1,0.8,0.21054073863189382,0.6669560305114709,0.125,
2,0.4,0.27243236641559065,0.7455611413185991,0.16666666666666663,
3,0.6,0.21053765553828796,0.6668941569809673,0.125,
4,1,0.19049685050862358,0.6671731670872026,0.11111111111111116,
